물품식별번호,제조사,제품명
24721278,수산아이앤티,ePrism SSL VA V10
24721279,수산아이앤티,ePrism SSL VA V10
24947054,수산아이앤티,eWalker SWG V10
24947053,수산아이앤티,eWalker SWG V10
24619568,수산아이앤티,eWalker SWG V10
23862911,수산아이앤티,eWalker Security V9
23862912,수산아이앤티,eWalker Security V9
23410029,수산아이앤티,SPA-1100
24880588,,
24880593,,
24880592,,
24880589,모니터랩,APPLICATION INSIGHT SWG V4.0
24880590,모니터랩,APPLICATION INSIGHT SWG V4.0
24880591,,
24045936,모니터랩,AISVA-500_Y20
24045937,모니터랩,AISVA-1000_Y20
24045938,모니터랩,AISVA-2000_Y20
25735313,엑스게이트,AXGATE SSL INSIDE V1.0
25735314,엑스게이트,AXGATE SSL INSIDE V1.0
25735315,엑스게이트,AXGATE SSL INSIDE V1.0
25735316,엑스게이트,AXGATE SSL INSIDE V1.0
25735317,엑스게이트,AXGATE SSL INSIDE V1.0
24535302,엑스게이트,AXGATE SI-7000S
24535303,엑스게이트,AXGATE SI-4000S
25676363,,
25676361,,
25676362,,
25676364,,
25676365,,
25948065,,
25948067,,
25933821,,
25933820,,
25935197,,
24450917,소만사,WebKeeper SG V11
